Account,Username,Password
Example,testuser,testword
Example,testuser,testword
Example,testuser,testword
Example,testuser,testword
Example,testuser,testword
Example2,testuser,testword
Example2,testuser,testword
Example2,testuser,testword
Example2,testuser,testword
Example2,testuser,testword
Example3,testuser,testword
Example3,testuser,testword
Example3,testuser,testword
Example3,testuser,testword
Example3,testuser,testword
Example4,testuser,testword
Example4,testuser,testword
Example4,testuser,testword
Example4,testuser,testword
Example4,testuser,testword
Example5,testuser,testword
Example5,testuser,testword
Example5,testuser,testword
